<?xml version="1.0" encoding="UTF-8"?>
<project-private xmlns="http://www.netbeans.org/ns/project-private/1">
    <editor-bookmarks xmlns="http://www.netbeans.org/ns/editor-bookmarks/2" lastBookmarkId="0"/>
    <open-files xmlns="http://www.netbeans.org/ns/projectui-open-files/2">
        <group>
            <file>file:/C:/xampp/htdocs/libreria_2021/src/services/autorizacionComprobante.php</file>
            <file>file:/C:/xampp/htdocs/libreria_2021/src/services/class/sendEmail.php</file>
            <file>file:/C:/xampp/htdocs/libreria_2021/app/includes.php</file>
            <file>file:/C:/xampp/htdocs/libreria_2021/js/fiddle.js</file>
            <file>file:/C:/xampp/htdocs/libreria_2021/example.php</file>
            <file>file:/C:/xampp/htdocs/libreria_2021/src/services/class/generarPDF.php</file>
            <file>file:/C:/xampp/htdocs/libreria_2021/src/services/validarComprobante.php</file>
            <file>file:/C:/xampp/htdocs/libreria_2021/ejecutar.php</file>
        </group>
    </open-files>
</project-private>
